lp_no,square_id,center_lat,center_lon,north,south,east,west,ndvi_mean,ndvi_std,ndbi_mean,ndbi_std,ndwi_mean,ndwi_std,ndvi_significant,ndbi_significant,ndwi_significant,any_significant
2,1,14.378007185742188,79.51888552205116,14.378293458189175,14.377720913295201,79.51918105619036,79.51858998791195,0.3752,0.1702,-0.1069,0.0979,0.0535,0.1043,No,No,Yes,Yes
2,2,14.378007185742188,79.51947659032956,14.378293458189175,14.377720913295201,79.51977212446877,79.51918105619036,0.0195,0.1174,-0.1622,0.1392,-0.5324,0.1909,No,No,No,No
2,3,14.378007185742188,79.52006765860796,14.378293458189175,14.377720913295201,79.52036319274717,79.51977212446876,0.2889,0.1146,-0.3912,0.0891,-0.3249,0.0952,No,No,No,No
2,4,14.378007185742188,79.52065872688638,14.378293458189175,14.377720913295201,79.52095426102558,79.52036319274717,-0.0396,0.1666,0.1499,0.0555,-0.0659,0.0528,No,Yes,No,Yes
2,5,14.378007185742188,79.52124979516478,14.378293458189175,14.377720913295201,79.52154532930399,79.52095426102558,0.1224,0.1362,-0.3152,0.1713,-0.6731,0.1715,No,No,No,No
2,6,14.378007185742188,79.5218408634432,14.378293458189175,14.377720913295201,79.5221363975824,79.52154532930399,-0.0108,0.1104,-0.1514,0.1516,-0.3462,0.0998,No,No,No,No
2,7,14.378007185742188,79.5224319317216,14.378293458189175,14.377720913295201,79.5227274658608,79.52213639758239,0.4806,0.0503,-0.0375,0.0614,-0.1536,0.154,Yes,No,No,Yes
2,8,14.378007185742188,79.523023,14.378293458189175,14.377720913295201,79.52331853413921,79.5227274658608,0.2103,0.0979,0.0544,0.1603,-0.2751,0.0867,No,Yes,No,Yes
2,9,14.378007185742188,79.52361406827842,14.378293458189175,14.377720913295201,79.52390960241762,79.52331853413921,0.1628,0.1398,-0.0516,0.1027,-0.4248,0.1311,No,No,No,No
2,10,14.378007185742188,79.52420513655682,14.378293458189175,14.377720913295201,79.52450067069601,79.5239096024176,0.4544,0.1471,-0.0086,0.1814,-0.2989,0.1231,Yes,No,No,Yes
2,11,14.378007185742188,79.52479620483521,14.378293458189175,14.377720913295201,79.52509173897442,79.52450067069601,0.4339,0.166,0.0306,0.1173,0.1849,0.1319,Yes,Yes,Yes,Yes
2,12,14.378007185742188,79.52538727311364,14.378293458189175,14.377720913295201,79.52568280725284,79.52509173897442,0.165,0.1362,-0.0591,0.1612,-0.4242,0.1881,No,No,No,No
2,13,14.378007185742188,79.52597834139203,14.378293458189175,14.377720913295201,79.52627387553123,79.52568280725282,-0.0062,0.1434,-0.2924,0.1782,0.0731,0.0828,No,No,Yes,Yes
2,14,14.378007185742188,79.52656940967043,14.378293458189175,14.377720913295201,79.52686494380964,79.52627387553123,0.0952,0.1798,-0.1926,0.0703,-0.1435,0.1464,No,No,No,No
2,15,14.378007185742188,79.52716047794885,14.378293458189175,14.377720913295201,79.52745601208805,79.52686494380964,0.6723,0.146,-0.3483,0.1714,-0.2266,0.1037,Yes,No,No,Yes
2,16,14.378579730636162,79.51888552205116,14.378866003083148,14.378293458189175,79.51918105619036,79.51858998791195,0.3284,0.1691,-0.2666,0.1502,-0.0471,0.1521,No,No,No,No
2,17,14.378579730636162,79.51947659032956,14.378866003083148,14.378293458189175,79.51977212446877,79.51918105619036,0.3803,0.1182,-0.0406,0.0935,-0.0845,0.1709,No,No,No,No
2,18,14.378579730636162,79.52006765860796,14.378866003083148,14.378293458189175,79.52036319274717,79.51977212446876,0.0368,0.18,-0.0633,0.1457,-0.4864,0.0633,No,No,No,No
2,19,14.378579730636162,79.52065872688638,14.378866003083148,14.378293458189175,79.52095426102558,79.52036319274717,0.6446,0.1413,-0.4697,0.0607,-0.3547,0.087,Yes,No,No,Yes
2,20,14.378579730636162,79.52124979516478,14.378866003083148,14.378293458189175,79.52154532930399,79.52095426102558,0.1293,0.1554,-0.0638,0.0938,0.0347,0.1186,No,No,Yes,Yes
2,21,14.378579730636162,79.5218408634432,14.378866003083148,14.378293458189175,79.5221363975824,79.52154532930399,0.015,0.1395,-0.3166,0.0758,-0.3801,0.1582,No,No,No,No
2,22,14.378579730636162,79.5224319317216,14.378866003083148,14.378293458189175,79.5227274658608,79.52213639758239,0.2581,0.1029,0.0361,0.0876,-0.5159,0.1841,No,Yes,No,Yes
2,23,14.378579730636162,79.523023,14.378866003083148,14.378293458189175,79.52331853413921,79.5227274658608,0.7514,0.1045,-0.0819,0.0718,-0.3289,0.1594,Yes,No,No,Yes
2,24,14.378579730636162,79.52361406827842,14.378866003083148,14.378293458189175,79.52390960241762,79.52331853413921,0.3624,0.0848,-0.2338,0.1897,-0.3693,0.1966,No,No,No,No
2,25,14.378579730636162,79.52420513655682,14.378866003083148,14.378293458189175,79.52450067069601,79.5239096024176,0.1451,0.1962,-0.0846,0.11,0.1383,0.1764,No,No,Yes,Yes
2,26,14.378579730636162,79.52479620483521,14.378866003083148,14.378293458189175,79.52509173897442,79.52450067069601,0.4532,0.19,-0.207,0.134,0.0848,0.0693,Yes,No,Yes,Yes
2,27,14.378579730636162,79.52538727311364,14.378866003083148,14.378293458189175,79.52568280725284,79.52509173897442,0.2793,0.1094,-0.52,0.1465,-0.1045,0.115,No,No,No,No
2,28,14.378579730636162,79.52597834139203,14.378866003083148,14.378293458189175,79.52627387553123,79.52568280725282,0.3824,0.1094,0.2176,0.1304,-0.1078,0.1728,No,Yes,No,Yes
2,29,14.378579730636162,79.52656940967043,14.378866003083148,14.378293458189175,79.52686494380964,79.52627387553123,0.4294,0.1068,-0.1436,0.1151,-0.2499,0.0723,Yes,No,No,Yes
2,30,14.378579730636162,79.52716047794885,14.378866003083148,14.378293458189175,79.52745601208805,79.52686494380964,0.1027,0.1729,0.0434,0.1437,-0.2177,0.1318,No,Yes,No,Yes
2,31,14.379152275530135,79.51888552205116,14.379438547977122,14.378866003083148,79.51918105619036,79.51858998791195,0.1532,0.1847,-0.0926,0.1351,-0.2857,0.0973,No,No,No,No
2,32,14.379152275530135,79.51947659032956,14.379438547977122,14.378866003083148,79.51977212446877,79.51918105619036,0.1964,0.1498,-0.2948,0.0962,-0.3329,0.1864,No,No,No,No
2,33,14.379152275530135,79.52006765860796,14.379438547977122,14.378866003083148,79.52036319274717,79.51977212446876,0.2443,0.0659,-0.1035,0.1717,-0.2386,0.1729,No,No,No,No
2,34,14.379152275530135,79.52065872688638,14.379438547977122,14.378866003083148,79.52095426102558,79.52036319274717,0.3264,0.1675,-0.2368,0.1023,-0.127,0.1167,No,No,No,No
2,35,14.379152275530135,79.52124979516478,14.379438547977122,14.378866003083148,79.52154532930399,79.52095426102558,-0.0047,0.0661,-0.1724,0.1887,-0.2527,0.1301,No,No,No,No
2,36,14.379152275530135,79.5218408634432,14.379438547977122,14.378866003083148,79.5221363975824,79.52154532930399,0.3831,0.1145,-0.3544,0.1182,-0.4004,0.1291,No,No,No,No
2,37,14.379152275530135,79.5224319317216,14.379438547977122,14.378866003083148,79.5227274658608,79.52213639758239,0.559,0.1893,0.0873,0.1057,-0.0468,0.0632,Yes,Yes,No,Yes
2,38,14.379152275530135,79.523023,14.379438547977122,14.378866003083148,79.52331853413921,79.5227274658608,0.3268,0.1813,-0.1821,0.1959,-0.1009,0.0507,No,No,No,No
2,39,14.379152275530135,79.52361406827842,14.379438547977122,14.378866003083148,79.52390960241762,79.52331853413921,0.6014,0.0698,-0.183,0.1659,0.1828,0.0857,Yes,No,Yes,Yes
2,40,14.379152275530135,79.52420513655682,14.379438547977122,14.378866003083148,79.52450067069601,79.5239096024176,0.4104,0.1466,-0.0204,0.1628,0.1186,0.1181,Yes,No,Yes,Yes
2,41,14.379152275530135,79.52479620483521,14.379438547977122,14.378866003083148,79.52509173897442,79.52450067069601,0.2215,0.168,-0.2407,0.1491,-0.1931,0.168,No,No,No,No
2,42,14.379152275530135,79.52538727311364,14.379438547977122,14.378866003083148,79.52568280725284,79.52509173897442,0.7059,0.1728,0.149,0.1077,-0.3477,0.1424,Yes,Yes,No,Yes
2,43,14.379152275530135,79.52597834139203,14.379438547977122,14.378866003083148,79.52627387553123,79.52568280725282,0.2362,0.0542,-0.157,0.1992,-0.3892,0.1126,No,No,No,No
2,44,14.379152275530135,79.52656940967043,14.379438547977122,14.378866003083148,79.52686494380964,79.52627387553123,0.2955,0.0903,-0.1167,0.0892,-0.143,0.0817,No,No,No,No
2,45,14.379152275530135,79.52716047794885,14.379438547977122,14.378866003083148,79.52745601208805,79.52686494380964,0.5533,0.173,-0.222,0.1991,-0.386,0.18,Yes,No,No,Yes
2,46,14.379724820424109,79.51888552205116,14.380011092871095,14.379438547977122,79.51918105619036,79.51858998791195,0.3014,0.0684,-0.2287,0.1938,-0.0647,0.1677,No,No,No,No
2,47,14.379724820424109,79.51947659032956,14.380011092871095,14.379438547977122,79.51977212446877,79.51918105619036,-0.0854,0.1422,-0.1631,0.1903,-0.1209,0.1102,No,No,No,No
2,48,14.379724820424109,79.52006765860796,14.380011092871095,14.379438547977122,79.52036319274717,79.51977212446876,-0.0263,0.1249,-0.0217,0.1825,-0.382,0.0986,No,No,No,No
2,49,14.379724820424109,79.52065872688638,14.380011092871095,14.379438547977122,79.52095426102558,79.52036319274717,0.2601,0.1974,-0.0387,0.1905,-0.6269,0.0534,No,No,No,No
2,50,14.379724820424109,79.52124979516478,14.380011092871095,14.379438547977122,79.52154532930399,79.52095426102558,0.5544,0.1251,0.0424,0.0792,-0.1166,0.0794,Yes,Yes,No,Yes
2,51,14.379724820424109,79.5218408634432,14.380011092871095,14.379438547977122,79.5221363975824,79.52154532930399,0.2717,0.1765,-0.1945,0.074,-0.2289,0.198,No,No,No,No
2,52,14.379724820424109,79.5224319317216,14.380011092871095,14.379438547977122,79.5227274658608,79.52213639758239,0.3504,0.0617,0.0024,0.1166,-0.462,0.1492,No,Yes,No,Yes
2,53,14.379724820424109,79.523023,14.380011092871095,14.379438547977122,79.52331853413921,79.5227274658608,0.1187,0.0524,-0.0705,0.1076,-0.5308,0.0992,No,No,No,No
2,54,14.379724820424109,79.52361406827842,14.380011092871095,14.379438547977122,79.52390960241762,79.52331853413921,0.2835,0.1377,-0.1844,0.1828,-0.2655,0.055,No,No,No,No
2,55,14.379724820424109,79.52420513655682,14.380011092871095,14.379438547977122,79.52450067069601,79.5239096024176,0.033,0.1604,-0.0998,0.1518,-0.2398,0.1837,No,No,No,No
2,56,14.379724820424109,79.52479620483521,14.380011092871095,14.379438547977122,79.52509173897442,79.52450067069601,0.7744,0.0679,-0.313,0.061,0.1588,0.084,Yes,No,Yes,Yes
2,57,14.379724820424109,79.52538727311364,14.380011092871095,14.379438547977122,79.52568280725284,79.52509173897442,0.3214,0.1593,0.2701,0.1431,-0.1912,0.1778,No,Yes,No,Yes
2,58,14.379724820424109,79.52597834139203,14.380011092871095,14.379438547977122,79.52627387553123,79.52568280725282,0.0337,0.0689,-0.0628,0.0987,0.0392,0.0615,No,No,Yes,Yes
2,59,14.379724820424109,79.52656940967043,14.380011092871095,14.379438547977122,79.52686494380964,79.52627387553123,0.128,0.1959,-0.2313,0.0974,-0.7035,0.1307,No,No,No,No
2,60,14.379724820424109,79.52716047794885,14.380011092871095,14.379438547977122,79.52745601208805,79.52686494380964,0.0279,0.1902,-0.2276,0.1843,-0.1155,0.1709,No,No,No,No
2,61,14.380297365318082,79.51888552205116,14.380583637765069,14.380011092871095,79.51918105619036,79.51858998791195,0.4126,0.164,0.0601,0.1985,-0.3314,0.1714,Yes,Yes,No,Yes
2,62,14.380297365318082,79.51947659032956,14.380583637765069,14.380011092871095,79.51977212446877,79.51918105619036,0.4164,0.1727,-0.2939,0.1421,-0.0573,0.1917,Yes,No,No,Yes
2,63,14.380297365318082,79.52006765860796,14.380583637765069,14.380011092871095,79.52036319274717,79.51977212446876,0.0853,0.0696,-0.1443,0.1998,-0.3721,0.1343,No,No,No,No
2,64,14.380297365318082,79.52065872688638,14.380583637765069,14.380011092871095,79.52095426102558,79.52036319274717,0.0397,0.0681,0.028,0.166,0.1396,0.1451,No,Yes,Yes,Yes
2,65,14.380297365318082,79.52124979516478,14.380583637765069,14.380011092871095,79.52154532930399,79.52095426102558,0.4919,0.1939,-0.3614,0.1668,-0.0893,0.179,Yes,No,No,Yes
2,66,14.380297365318082,79.5218408634432,14.380583637765069,14.380011092871095,79.5221363975824,79.52154532930399,0.2515,0.0795,-0.0577,0.1977,0.0038,0.1161,No,No,Yes,Yes
2,67,14.380297365318082,79.5224319317216,14.380583637765069,14.380011092871095,79.5227274658608,79.52213639758239,0.0044,0.1227,0.1206,0.1882,-0.1556,0.0613,No,Yes,No,Yes
2,68,14.380297365318082,79.523023,14.380583637765069,14.380011092871095,79.52331853413921,79.5227274658608,-0.011,0.1218,-0.2077,0.1788,-0.1776,0.0943,No,No,No,No
2,69,14.380297365318082,79.52361406827842,14.380583637765069,14.380011092871095,79.52390960241762,79.52331853413921,0.3388,0.1585,-0.1696,0.1761,0.015,0.0899,No,No,Yes,Yes
2,70,14.380297365318082,79.52420513655682,14.380583637765069,14.380011092871095,79.52450067069601,79.5239096024176,0.3316,0.1459,0.2287,0.1273,-0.029,0.1499,No,Yes,No,Yes
2,71,14.380297365318082,79.52479620483521,14.380583637765069,14.380011092871095,79.52509173897442,79.52450067069601,0.4177,0.0968,-0.122,0.0638,-0.5417,0.1853,Yes,No,No,Yes
2,72,14.380297365318082,79.52538727311364,14.380583637765069,14.380011092871095,79.52568280725284,79.52509173897442,0.1059,0.0597,0.0579,0.0691,-0.043,0.1253,No,Yes,No,Yes
2,73,14.380297365318082,79.52597834139203,14.380583637765069,14.380011092871095,79.52627387553123,79.52568280725282,0.5517,0.1663,-0.0749,0.1185,-0.4712,0.0922,Yes,No,No,Yes
2,74,14.380297365318082,79.52656940967043,14.380583637765069,14.380011092871095,79.52686494380964,79.52627387553123,0.0513,0.147,-0.0779,0.0747,-0.1762,0.1875,No,No,No,No
2,75,14.380297365318082,79.52716047794885,14.380583637765069,14.380011092871095,79.52745601208805,79.52686494380964,0.3708,0.0665,-0.3669,0.1703,-0.145,0.1761,No,No,No,No
2,76,14.380869910212056,79.51888552205116,14.381156182659042,14.380583637765069,79.51918105619036,79.51858998791195,0.487,0.1384,0.1073,0.1324,0.1011,0.0735,Yes,Yes,Yes,Yes
2,77,14.380869910212056,79.51947659032956,14.381156182659042,14.380583637765069,79.51977212446877,79.51918105619036,0.5998,0.1156,-0.1046,0.1904,-0.4146,0.0635,Yes,No,No,Yes
2,78,14.380869910212056,79.52006765860796,14.381156182659042,14.380583637765069,79.52036319274717,79.51977212446876,0.3714,0.095,-0.1005,0.1452,-0.3598,0.0894,No,No,No,No
2,79,14.380869910212056,79.52065872688638,14.381156182659042,14.380583637765069,79.52095426102558,79.52036319274717,0.1226,0.1298,-0.3378,0.1191,-0.5735,0.1567,No,No,No,No
2,80,14.380869910212056,79.52124979516478,14.381156182659042,14.380583637765069,79.52154532930399,79.52095426102558,0.3835,0.0753,-0.041,0.1956,-0.1287,0.1367,No,No,No,No
2,81,14.380869910212056,79.5218408634432,14.381156182659042,14.380583637765069,79.5221363975824,79.52154532930399,0.6087,0.0699,-0.0898,0.1702,-0.4034,0.1957,Yes,No,No,Yes
2,82,14.380869910212056,79.5224319317216,14.381156182659042,14.380583637765069,79.5227274658608,79.52213639758239,0.1909,0.0677,-0.1706,0.1965,-0.1166,0.0916,No,No,No,No
2,83,14.380869910212056,79.523023,14.381156182659042,14.380583637765069,79.52331853413921,79.5227274658608,0.3266,0.1276,-0.0568,0.1201,-0.3047,0.1728,No,No,No,No
2,84,14.380869910212056,79.52361406827842,14.381156182659042,14.380583637765069,79.52390960241762,79.52331853413921,0.1221,0.0807,-0.2142,0.1532,0.1259,0.1915,No,No,Yes,Yes
2,85,14.380869910212056,79.52420513655682,14.381156182659042,14.380583637765069,79.52450067069601,79.5239096024176,0.412,0.0826,-0.2181,0.1358,-0.4644,0.0589,Yes,No,No,Yes
2,86,14.380869910212056,79.52479620483521,14.381156182659042,14.380583637765069,79.52509173897442,79.52450067069601,0.4256,0.1427,-0.0086,0.1382,-0.037,0.1346,Yes,No,No,Yes
2,87,14.380869910212056,79.52538727311364,14.381156182659042,14.380583637765069,79.52568280725284,79.52509173897442,0.0168,0.1982,-0.1278,0.1726,-0.1789,0.1086,No,No,No,No
2,88,14.380869910212056,79.52597834139203,14.381156182659042,14.380583637765069,79.52627387553123,79.52568280725282,0.237,0.0569,-0.1856,0.0883,-0.223,0.1641,No,No,No,No
2,89,14.380869910212056,79.52656940967043,14.381156182659042,14.380583637765069,79.52686494380964,79.52627387553123,0.4438,0.1502,-0.047,0.1348,-0.0065,0.1508,Yes,No,No,Yes
2,90,14.380869910212056,79.52716047794885,14.381156182659042,14.380583637765069,79.52745601208805,79.52686494380964,0.2206,0.0684,-0.1276,0.1938,-0.3896,0.0718,No,No,No,No
2,91,14.38144245510603,79.51888552205116,14.381728727553016,14.381156182659042,79.51918105619036,79.51858998791195,0.2805,0.166,-0.1961,0.0661,-0.3162,0.159,No,No,No,No
2,92,14.38144245510603,79.51947659032956,14.381728727553016,14.381156182659042,79.51977212446877,79.51918105619036,0.4423,0.1942,-0.376,0.0953,0.0528,0.1248,Yes,No,Yes,Yes
2,93,14.38144245510603,79.52006765860796,14.381728727553016,14.381156182659042,79.52036319274717,79.51977212446876,0.5204,0.0975,-0.1937,0.175,-0.2715,0.1108,Yes,No,No,Yes
2,94,14.38144245510603,79.52065872688638,14.381728727553016,14.381156182659042,79.52095426102558,79.52036319274717,0.2207,0.1414,-0.0422,0.1794,-0.4029,0.1246,No,No,No,No
2,95,14.38144245510603,79.52124979516478,14.381728727553016,14.381156182659042,79.52154532930399,79.52095426102558,0.3951,0.1716,-0.0963,0.1792,-0.32,0.0553,No,No,No,No
2,96,14.38144245510603,79.5218408634432,14.381728727553016,14.381156182659042,79.5221363975824,79.52154532930399,0.369,0.1717,0.0829,0.1658,-0.4295,0.1745,No,Yes,No,Yes
2,97,14.38144245510603,79.5224319317216,14.381728727553016,14.381156182659042,79.5227274658608,79.52213639758239,0.4304,0.1197,-0.1033,0.0977,-0.4148,0.1092,Yes,No,No,Yes
2,98,14.38144245510603,79.523023,14.381728727553016,14.381156182659042,79.52331853413921,79.5227274658608,0.5231,0.1631,0.0551,0.159,-0.2923,0.1546,Yes,Yes,No,Yes
2,99,14.38144245510603,79.52361406827842,14.381728727553016,14.381156182659042,79.52390960241762,79.52331853413921,0.2485,0.1197,-0.2301,0.1227,-0.1751,0.1821,No,No,No,No
2,100,14.38144245510603,79.52420513655682,14.381728727553016,14.381156182659042,79.52450067069601,79.5239096024176,0.2357,0.1308,-0.3318,0.1677,-0.3722,0.1718,No,No,No,No
2,101,14.38144245510603,79.52479620483521,14.381728727553016,14.381156182659042,79.52509173897442,79.52450067069601,0.3476,0.1982,-0.162,0.0916,-0.5512,0.0517,No,No,No,No
2,102,14.38144245510603,79.52538727311364,14.381728727553016,14.381156182659042,79.52568280725284,79.52509173897442,0.1456,0.075,-0.1235,0.1503,-0.0928,0.1545,No,No,No,No
2,103,14.38144245510603,79.52597834139203,14.381728727553016,14.381156182659042,79.52627387553123,79.52568280725282,0.6608,0.0895,-0.2537,0.1235,-0.3076,0.1153,Yes,No,No,Yes
2,104,14.38144245510603,79.52656940967043,14.381728727553016,14.381156182659042,79.52686494380964,79.52627387553123,0.2953,0.1613,-0.3147,0.0771,0.0476,0.0635,No,No,Yes,Yes
2,105,14.38144245510603,79.52716047794885,14.381728727553016,14.381156182659042,79.52745601208805,79.52686494380964,0.4962,0.1036,-0.3296,0.1113,-0.241,0.1352,Yes,No,No,Yes
2,106,14.382015,79.51888552205116,14.382301272446988,14.381728727553014,79.51918105619036,79.51858998791195,0.2066,0.1177,0.0926,0.0601,-0.0454,0.0566,No,Yes,No,Yes
2,107,14.382015,79.51947659032956,14.382301272446988,14.381728727553014,79.51977212446877,79.51918105619036,0.6213,0.1561,-0.006,0.0502,-0.5905,0.1914,Yes,No,No,Yes
2,108,14.382015,79.52006765860796,14.382301272446988,14.381728727553014,79.52036319274717,79.51977212446876,0.4427,0.132,-0.0635,0.0721,-0.1055,0.1756,Yes,No,No,Yes
2,109,14.382015,79.52065872688638,14.382301272446988,14.381728727553014,79.52095426102558,79.52036319274717,0.2534,0.0631,0.0539,0.1076,0.2484,0.1258,No,Yes,Yes,Yes
2,110,14.382015,79.52124979516478,14.382301272446988,14.381728727553014,79.52154532930399,79.52095426102558,0.1194,0.0845,-0.0596,0.1491,-0.255,0.1102,No,No,No,No
2,111,14.382015,79.5218408634432,14.382301272446988,14.381728727553014,79.5221363975824,79.52154532930399,0.1627,0.0685,-0.199,0.1017,0.083,0.131,No,No,Yes,Yes
2,112,14.382015,79.5224319317216,14.382301272446988,14.381728727553014,79.5227274658608,79.52213639758239,0.1418,0.1174,-0.2331,0.0788,-0.3122,0.1526,No,No,No,No
2,113,14.382015,79.523023,14.382301272446988,14.381728727553014,79.52331853413921,79.5227274658608,0.2102,0.156,-0.0601,0.1447,-0.4629,0.0775,No,No,No,No
2,114,14.382015,79.52361406827842,14.382301272446988,14.381728727553014,79.52390960241762,79.52331853413921,0.2477,0.1582,-0.611,0.1175,-0.093,0.0978,No,No,No,No
2,115,14.382015,79.52420513655682,14.382301272446988,14.381728727553014,79.52450067069601,79.5239096024176,0.4203,0.1872,-0.0175,0.1183,-0.3265,0.1856,Yes,No,No,Yes
2,116,14.382015,79.52479620483521,14.382301272446988,14.381728727553014,79.52509173897442,79.52450067069601,0.3306,0.1343,-0.0139,0.1508,-0.019,0.1588,No,No,No,No
2,117,14.382015,79.52538727311364,14.382301272446988,14.381728727553014,79.52568280725284,79.52509173897442,0.442,0.187,-0.2531,0.1943,0.1203,0.1717,Yes,No,Yes,Yes
2,118,14.382015,79.52597834139203,14.382301272446988,14.381728727553014,79.52627387553123,79.52568280725282,0.2559,0.1424,0.1167,0.1008,-0.1372,0.1855,No,Yes,No,Yes
2,119,14.382015,79.52656940967043,14.382301272446988,14.381728727553014,79.52686494380964,79.52627387553123,0.2047,0.1759,-0.181,0.0997,-0.2168,0.1723,No,No,No,No
2,120,14.382015,79.52716047794885,14.382301272446988,14.381728727553014,79.52745601208805,79.52686494380964,0.6757,0.0792,-0.1021,0.1172,-0.5278,0.1623,Yes,No,No,Yes
2,121,14.382587544893974,79.51888552205116,14.382873817340961,14.382301272446988,79.51918105619036,79.51858998791195,0.214,0.1249,-0.4249,0.141,-0.3236,0.1691,No,No,No,No
2,122,14.382587544893974,79.51947659032956,14.382873817340961,14.382301272446988,79.51977212446877,79.51918105619036,0.3594,0.1686,0.0248,0.0655,-0.1008,0.1217,No,Yes,No,Yes
2,123,14.382587544893974,79.52006765860796,14.382873817340961,14.382301272446988,79.52036319274717,79.51977212446876,0.3047,0.099,-0.0287,0.0688,-0.494,0.176,No,No,No,No
2,124,14.382587544893974,79.52065872688638,14.382873817340961,14.382301272446988,79.52095426102558,79.52036319274717,-0.0885,0.1086,0.0154,0.1532,-0.1146,0.1166,No,Yes,No,Yes
2,125,14.382587544893974,79.52124979516478,14.382873817340961,14.382301272446988,79.52154532930399,79.52095426102558,0.3798,0.1114,-0.1186,0.127,-0.3341,0.0777,No,No,No,No
2,126,14.382587544893974,79.5218408634432,14.382873817340961,14.382301272446988,79.5221363975824,79.52154532930399,0.3895,0.1165,-0.1986,0.1062,-0.0727,0.1442,No,No,No,No
2,127,14.382587544893974,79.5224319317216,14.382873817340961,14.382301272446988,79.5227274658608,79.52213639758239,-0.0997,0.1281,0.0266,0.0963,-0.2202,0.0955,No,Yes,No,Yes
2,128,14.382587544893974,79.523023,14.382873817340961,14.382301272446988,79.52331853413921,79.5227274658608,0.3361,0.1951,-0.1814,0.1803,-0.2853,0.0769,No,No,No,No
2,129,14.382587544893974,79.52361406827842,14.382873817340961,14.382301272446988,79.52390960241762,79.52331853413921,0.2767,0.1628,-0.2887,0.0813,-0.0083,0.0676,No,No,No,No
2,130,14.382587544893974,79.52420513655682,14.382873817340961,14.382301272446988,79.52450067069601,79.5239096024176,0.3022,0.1504,-0.0071,0.1401,-0.1738,0.0638,No,No,No,No
2,131,14.382587544893974,79.52479620483521,14.382873817340961,14.382301272446988,79.52509173897442,79.52450067069601,0.0698,0.1963,-0.06,0.0955,-0.0516,0.1017,No,No,No,No
2,132,14.382587544893974,79.52538727311364,14.382873817340961,14.382301272446988,79.52568280725284,79.52509173897442,0.3284,0.1088,0.1174,0.0979,-0.2075,0.1782,No,Yes,No,Yes
2,133,14.382587544893974,79.52597834139203,14.382873817340961,14.382301272446988,79.52627387553123,79.52568280725282,0.1211,0.1668,-0.2595,0.1561,-0.4168,0.1835,No,No,No,No
2,134,14.382587544893974,79.52656940967043,14.382873817340961,14.382301272446988,79.52686494380964,79.52627387553123,0.565,0.0803,-0.1254,0.0874,-0.2531,0.0777,Yes,No,No,Yes
2,135,14.382587544893974,79.52716047794885,14.382873817340961,14.382301272446988,79.52745601208805,79.52686494380964,0.2126,0.0813,0.109,0.0644,-0.086,0.1846,No,Yes,No,Yes
2,136,14.383160089787948,79.51888552205116,14.383446362234935,14.382873817340961,79.51918105619036,79.51858998791195,0.6057,0.197,-0.1886,0.1027,0.1719,0.184,Yes,No,Yes,Yes
2,137,14.383160089787948,79.51947659032956,14.383446362234935,14.382873817340961,79.51977212446877,79.51918105619036,0.2323,0.174,-0.1495,0.1466,-0.1564,0.1243,No,No,No,No
2,138,14.383160089787948,79.52006765860796,14.383446362234935,14.382873817340961,79.52036319274717,79.51977212446876,0.7195,0.1084,0.1897,0.1998,0.0219,0.073,Yes,Yes,Yes,Yes
2,139,14.383160089787948,79.52065872688638,14.383446362234935,14.382873817340961,79.52095426102558,79.52036319274717,0.4642,0.1505,0.0513,0.0978,-0.394,0.111,Yes,Yes,No,Yes
2,140,14.383160089787948,79.52124979516478,14.383446362234935,14.382873817340961,79.52154532930399,79.52095426102558,0.3703,0.1778,-0.2174,0.1804,-0.1023,0.1993,No,No,No,No
2,141,14.383160089787948,79.5218408634432,14.383446362234935,14.382873817340961,79.5221363975824,79.52154532930399,0.3174,0.0673,-0.1289,0.0982,-0.3862,0.1827,No,No,No,No
2,142,14.383160089787948,79.5224319317216,14.383446362234935,14.382873817340961,79.5227274658608,79.52213639758239,0.2145,0.0987,-0.1737,0.0871,-0.5911,0.1661,No,No,No,No
2,143,14.383160089787948,79.523023,14.383446362234935,14.382873817340961,79.52331853413921,79.5227274658608,0.3301,0.122,-0.2104,0.1747,-0.3701,0.0524,No,No,No,No
2,144,14.383160089787948,79.52361406827842,14.383446362234935,14.382873817340961,79.52390960241762,79.52331853413921,0.4614,0.1965,-0.0217,0.1753,-0.36,0.1254,Yes,No,No,Yes
2,145,14.383160089787948,79.52420513655682,14.383446362234935,14.382873817340961,79.52450067069601,79.5239096024176,0.6182,0.0765,-0.199,0.1248,-0.2496,0.1825,Yes,No,No,Yes
2,146,14.383160089787948,79.52479620483521,14.383446362234935,14.382873817340961,79.52509173897442,79.52450067069601,0.3526,0.0999,-0.0058,0.1728,0.0507,0.0756,No,No,Yes,Yes
2,147,14.383160089787948,79.52538727311364,14.383446362234935,14.382873817340961,79.52568280725284,79.52509173897442,0.1079,0.1435,0.0036,0.1328,-0.1602,0.0767,No,Yes,No,Yes
2,148,14.383160089787948,79.52597834139203,14.383446362234935,14.382873817340961,79.52627387553123,79.52568280725282,0.15,0.1341,0.0921,0.1959,-0.3057,0.1507,No,Yes,No,Yes
2,149,14.383160089787948,79.52656940967043,14.383446362234935,14.382873817340961,79.52686494380964,79.52627387553123,0.6279,0.1054,-0.1324,0.1642,0.1956,0.0841,Yes,No,Yes,Yes
2,150,14.383160089787948,79.52716047794885,14.383446362234935,14.382873817340961,79.52745601208805,79.52686494380964,0.3206,0.0932,0.0813,0.0741,-0.0944,0.0874,No,Yes,No,Yes
2,151,14.383732634681921,79.51888552205116,14.384018907128908,14.383446362234935,79.51918105619036,79.51858998791195,0.0997,0.1615,-0.3344,0.1588,-0.2529,0.1803,No,No,No,No
2,152,14.383732634681921,79.51947659032956,14.384018907128908,14.383446362234935,79.51977212446877,79.51918105619036,0.4561,0.1718,-0.138,0.1437,-0.0655,0.1444,Yes,No,No,Yes
2,153,14.383732634681921,79.52006765860796,14.384018907128908,14.383446362234935,79.52036319274717,79.51977212446876,0.4613,0.1055,-0.1394,0.1181,-0.2615,0.1601,Yes,No,No,Yes
2,154,14.383732634681921,79.52065872688638,14.384018907128908,14.383446362234935,79.52095426102558,79.52036319274717,-0.0285,0.1231,-0.0891,0.0702,0.0646,0.0831,No,No,Yes,Yes
2,155,14.383732634681921,79.52124979516478,14.384018907128908,14.383446362234935,79.52154532930399,79.52095426102558,0.3552,0.0881,-0.264,0.077,-0.131,0.1342,No,No,No,No
2,156,14.383732634681921,79.5218408634432,14.384018907128908,14.383446362234935,79.5221363975824,79.52154532930399,0.4604,0.111,0.0071,0.085,-0.3168,0.1333,Yes,Yes,No,Yes
2,157,14.383732634681921,79.5224319317216,14.384018907128908,14.383446362234935,79.5227274658608,79.52213639758239,0.2455,0.0866,0.2389,0.1373,-0.0297,0.1064,No,Yes,No,Yes
2,158,14.383732634681921,79.523023,14.384018907128908,14.383446362234935,79.52331853413921,79.5227274658608,0.0622,0.1111,-0.1993,0.0845,-0.4213,0.0551,No,No,No,No
2,159,14.383732634681921,79.52361406827842,14.384018907128908,14.383446362234935,79.52390960241762,79.52331853413921,0.801,0.1247,-0.1659,0.0682,-0.3792,0.0743,Yes,No,No,Yes
2,160,14.383732634681921,79.52420513655682,14.384018907128908,14.383446362234935,79.52450067069601,79.5239096024176,0.3453,0.0517,-0.1559,0.0778,0.1624,0.1475,No,No,Yes,Yes
2,161,14.383732634681921,79.52479620483521,14.384018907128908,14.383446362234935,79.52509173897442,79.52450067069601,0.3303,0.0615,-0.2828,0.0503,-0.2459,0.143,No,No,No,No
2,162,14.383732634681921,79.52538727311364,14.384018907128908,14.383446362234935,79.52568280725284,79.52509173897442,0.1504,0.0574,-0.2135,0.1551,-0.1267,0.1709,No,No,No,No
2,163,14.383732634681921,79.52597834139203,14.384018907128908,14.383446362234935,79.52627387553123,79.52568280725282,0.4358,0.1147,-0.4315,0.0656,-0.0896,0.0722,Yes,No,No,Yes
2,164,14.383732634681921,79.52656940967043,14.384018907128908,14.383446362234935,79.52686494380964,79.52627387553123,0.2047,0.1817,-0.1814,0.0864,-0.0359,0.0649,No,No,No,No
2,165,14.383732634681921,79.52716047794885,14.384018907128908,14.383446362234935,79.52745601208805,79.52686494380964,0.7545,0.1489,-0.1364,0.1847,-0.1095,0.142,Yes,No,No,Yes
2,166,14.384305179575895,79.51888552205116,14.384591452022882,14.384018907128908,79.51918105619036,79.51858998791195,0.4036,0.1309,-0.0868,0.0923,-0.111,0.1982,Yes,No,No,Yes
2,167,14.384305179575895,79.51947659032956,14.384591452022882,14.384018907128908,79.51977212446877,79.51918105619036,0.3248,0.0672,-0.1133,0.1438,0.0357,0.1643,No,No,Yes,Yes
2,168,14.384305179575895,79.52006765860796,14.384591452022882,14.384018907128908,79.52036319274717,79.51977212446876,-0.0571,0.1905,-0.1704,0.0618,0.0445,0.1588,No,No,Yes,Yes
2,169,14.384305179575895,79.52065872688638,14.384591452022882,14.384018907128908,79.52095426102558,79.52036319274717,0.5385,0.1754,-0.1645,0.1567,0.1183,0.1145,Yes,No,Yes,Yes
2,170,14.384305179575895,79.52124979516478,14.384591452022882,14.384018907128908,79.52154532930399,79.52095426102558,0.3227,0.1609,-0.1934,0.1252,-0.3582,0.1793,No,No,No,No
2,171,14.384305179575895,79.5218408634432,14.384591452022882,14.384018907128908,79.5221363975824,79.52154532930399,0.4011,0.188,0.0441,0.1093,-0.4531,0.1596,Yes,Yes,No,Yes
2,172,14.384305179575895,79.5224319317216,14.384591452022882,14.384018907128908,79.5227274658608,79.52213639758239,0.3621,0.1714,-0.0455,0.1216,-0.369,0.1817,No,No,No,No
2,173,14.384305179575895,79.523023,14.384591452022882,14.384018907128908,79.52331853413921,79.5227274658608,0.491,0.1641,-0.0842,0.1768,-0.1055,0.0688,Yes,No,No,Yes
2,174,14.384305179575895,79.52361406827842,14.384591452022882,14.384018907128908,79.52390960241762,79.52331853413921,0.2852,0.0853,-0.004,0.1271,-0.0208,0.1056,No,No,No,No
2,175,14.384305179575895,79.52420513655682,14.384591452022882,14.384018907128908,79.52450067069601,79.5239096024176,0.1704,0.053,-0.1843,0.1495,-0.1947,0.1228,No,No,No,No
2,176,14.384305179575895,79.52479620483521,14.384591452022882,14.384018907128908,79.52509173897442,79.52450067069601,0.3416,0.1678,-0.1912,0.0519,0.0079,0.1784,No,No,Yes,Yes
2,177,14.384305179575895,79.52538727311364,14.384591452022882,14.384018907128908,79.52568280725284,79.52509173897442,0.2613,0.1176,-0.1519,0.1761,-0.4201,0.1576,No,No,No,No
2,178,14.384305179575895,79.52597834139203,14.384591452022882,14.384018907128908,79.52627387553123,79.52568280725282,0.3016,0.1528,-0.2254,0.0501,-0.2945,0.1218,No,No,No,No
2,179,14.384305179575895,79.52656940967043,14.384591452022882,14.384018907128908,79.52686494380964,79.52627387553123,0.2188,0.1206,-0.1398,0.1046,-0.2183,0.1246,No,No,No,No
2,180,14.384305179575895,79.52716047794885,14.384591452022882,14.384018907128908,79.52745601208805,79.52686494380964,0.1666,0.1956,-0.0471,0.1046,-0.2994,0.143,No,No,No,No
2,181,14.384877724469868,79.51888552205116,14.385163996916855,14.384591452022882,79.51918105619036,79.51858998791195,0.1292,0.1699,-0.181,0.1892,-0.2266,0.1104,No,No,No,No
2,182,14.384877724469868,79.51947659032956,14.385163996916855,14.384591452022882,79.51977212446877,79.51918105619036,0.4364,0.0511,0.1402,0.0516,-0.1993,0.1871,Yes,Yes,No,Yes
2,183,14.384877724469868,79.52006765860796,14.385163996916855,14.384591452022882,79.52036319274717,79.51977212446876,0.419,0.0782,-0.3084,0.0513,-0.3805,0.1972,Yes,No,No,Yes
2,184,14.384877724469868,79.52065872688638,14.385163996916855,14.384591452022882,79.52095426102558,79.52036319274717,0.506,0.159,0.076,0.0957,0.012,0.0569,Yes,Yes,Yes,Yes
2,185,14.384877724469868,79.52124979516478,14.385163996916855,14.384591452022882,79.52154532930399,79.52095426102558,0.3982,0.0769,-0.0439,0.1791,-0.3694,0.1805,No,No,No,No
2,186,14.384877724469868,79.5218408634432,14.385163996916855,14.384591452022882,79.5221363975824,79.52154532930399,0.2383,0.146,-0.1063,0.1857,-0.3915,0.1336,No,No,No,No
2,187,14.384877724469868,79.5224319317216,14.385163996916855,14.384591452022882,79.5227274658608,79.52213639758239,0.2686,0.1059,0.0733,0.1952,-0.0091,0.0924,No,Yes,No,Yes
2,188,14.384877724469868,79.523023,14.385163996916855,14.384591452022882,79.52331853413921,79.5227274658608,0.0928,0.1572,0.0333,0.1109,-0.5527,0.0551,No,Yes,No,Yes
2,189,14.384877724469868,79.52361406827842,14.385163996916855,14.384591452022882,79.52390960241762,79.52331853413921,0.3044,0.1479,-0.0798,0.1415,0.0606,0.11,No,No,Yes,Yes
2,190,14.384877724469868,79.52420513655682,14.385163996916855,14.384591452022882,79.52450067069601,79.5239096024176,0.3587,0.1087,-0.1789,0.0674,-0.5929,0.1873,No,No,No,No
2,191,14.384877724469868,79.52479620483521,14.385163996916855,14.384591452022882,79.52509173897442,79.52450067069601,0.0787,0.196,0.1999,0.1724,-0.1971,0.0683,No,Yes,No,Yes
2,192,14.384877724469868,79.52538727311364,14.385163996916855,14.384591452022882,79.52568280725284,79.52509173897442,0.3941,0.1779,-0.0038,0.1763,-0.1092,0.1783,No,No,No,No
2,193,14.384877724469868,79.52597834139203,14.385163996916855,14.384591452022882,79.52627387553123,79.52568280725282,0.462,0.0973,-0.0703,0.0706,-0.3628,0.0681,Yes,No,No,Yes
2,194,14.384877724469868,79.52656940967043,14.385163996916855,14.384591452022882,79.52686494380964,79.52627387553123,-0.0291,0.0813,-0.1263,0.1426,0.049,0.0866,No,No,Yes,Yes
2,195,14.384877724469868,79.52716047794885,14.385163996916855,14.384591452022882,79.52745601208805,79.52686494380964,0.2259,0.0804,-0.0951,0.1107,-0.2602,0.0924,No,No,No,No
2,196,14.385450269363842,79.51888552205116,14.385736541810829,14.385163996916855,79.51918105619036,79.51858998791195,0.6727,0.1937,-0.0019,0.1176,-0.1369,0.0716,Yes,No,No,Yes
2,197,14.385450269363842,79.51947659032956,14.385736541810829,14.385163996916855,79.51977212446877,79.51918105619036,0.1668,0.1008,-0.1034,0.08,-0.5425,0.0832,No,No,No,No
2,198,14.385450269363842,79.52006765860796,14.385736541810829,14.385163996916855,79.52036319274717,79.51977212446876,0.3446,0.1409,-0.1678,0.0844,-0.0132,0.1937,No,No,No,No
2,199,14.385450269363842,79.52065872688638,14.385736541810829,14.385163996916855,79.52095426102558,79.52036319274717,0.6766,0.0855,-0.1357,0.0525,-0.1845,0.0803,Yes,No,No,Yes
2,200,14.385450269363842,79.52124979516478,14.385736541810829,14.385163996916855,79.52154532930399,79.52095426102558,0.2332,0.1596,-0.1619,0.1784,-0.1818,0.1474,No,No,No,No
2,201,14.385450269363842,79.5218408634432,14.385736541810829,14.385163996916855,79.5221363975824,79.52154532930399,0.0425,0.1172,0.0347,0.17,-0.0754,0.1388,No,Yes,No,Yes
2,202,14.385450269363842,79.5224319317216,14.385736541810829,14.385163996916855,79.5227274658608,79.52213639758239,0.878,0.1886,0.0597,0.1829,-0.2857,0.1532,Yes,Yes,No,Yes
2,203,14.385450269363842,79.523023,14.385736541810829,14.385163996916855,79.52331853413921,79.5227274658608,0.1635,0.0666,-0.0423,0.1805,-0.1626,0.084,No,No,No,No
2,204,14.385450269363842,79.52361406827842,14.385736541810829,14.385163996916855,79.52390960241762,79.52331853413921,0.2306,0.1801,0.0043,0.1006,-0.0438,0.1536,No,Yes,No,Yes
2,205,14.385450269363842,79.52420513655682,14.385736541810829,14.385163996916855,79.52450067069601,79.5239096024176,0.2371,0.0824,-0.2249,0.1439,-0.0337,0.0673,No,No,No,No
2,206,14.385450269363842,79.52479620483521,14.385736541810829,14.385163996916855,79.52509173897442,79.52450067069601,0.2601,0.141,0.041,0.1817,-0.083,0.0517,No,Yes,No,Yes
